{
  "id": "e9b3adc7-c2ec-48e2-9688-e78a50759c37",
  "generation": 8,
  "iteration": 30,
  "current_iteration": 32,
  "metrics": {
    "combined_score": 0.9263132869195154,
    "mape": 1.7900467185250695e-05,
    "rmse": 0.17282176863865986
  },
  "language": "python",
  "timestamp": 1764742529.5091918,
  "saved_at": 1764742697.2037067
}