{
  "id": "266203c6-e16c-4709-b34b-6987969cb4b1",
  "generation": 1,
  "iteration": 2,
  "current_iteration": 4,
  "metrics": {
    "combined_score": 0.2864637812107902,
    "rmse": 73.67515965763971,
    "rrmse": 2.2280337382498137,
    "mape": 0.7871943747302163
  },
  "language": "python",
  "timestamp": 1766114176.7887232,
  "saved_at": 1766114387.2416358
}