{
  "id": "46108d01-9edb-498c-be1e-2273c7952193",
  "generation": 2,
  "iteration": 4,
  "timestamp": 1766052920.5154743,
  "parent_id": "2047e1e6-07e1-4ced-af7f-6aaf7498488e",
  "metrics": {
    "combined_score": 0.15572731842728285,
    "rmse": 115.47085086954739,
    "rrmse": 3.491990417357537,
    "mape": 2.3017597316976857
  },
  "language": "python",
  "saved_at": 1766052956.3514483
}