{
  "id": "56cf58d9-7498-40d0-8fdf-cdb1bd47ec19",
  "generation": 10,
  "iteration": 46,
  "current_iteration": 55,
  "metrics": {
    "combined_score": 0.94048694567949,
    "mape": 1.8383359904872665e-05,
    "rmse": 0.13508373351251188
  },
  "language": "python",
  "timestamp": 1764744004.6109068,
  "saved_at": 1764745077.8477876
}