{
  "id": "36b3ba73-1c74-45a0-9a6a-6d3d3ff4c41b",
  "generation": 5,
  "iteration": 18,
  "timestamp": 1765794141.4361155,
  "parent_id": "0e406520-640f-45b8-bc8d-ea02d583da8b",
  "metrics": {
    "combined_score": 0.45668931851385475,
    "mape": 0.09691387250884614,
    "rmse": 577.0234699934333
  },
  "language": "python",
  "saved_at": 1765794445.8812952
}