{"island_feature_maps": [{"5-0": "75a524ef-ba3f-4a40-90f1-6c482c7ce8b4", "9-5": "d14278fa-04b5-417c-9dc7-2df1c750c628", "6-0": "266203c6-e16c-4709-b34b-6987969cb4b1", "9-0": "ade0a46f-97d8-4134-aca9-4740f9ef170a"}, {}], "islands": [["ade0a46f-97d8-4134-aca9-4740f9ef170a", "266203c6-e16c-4709-b34b-6987969cb4b1", "75a524ef-ba3f-4a40-90f1-6c482c7ce8b4", "d14278fa-04b5-417c-9dc7-2df1c750c628"], []], "archive": ["ade0a46f-97d8-4134-aca9-4740f9ef170a", "266203c6-e16c-4709-b34b-6987969cb4b1", "75a524ef-ba3f-4a40-90f1-6c482c7ce8b4", "d14278fa-04b5-417c-9dc7-2df1c750c628"], "best_program_id": "266203c6-e16c-4709-b34b-6987969cb4b1", "island_best_programs": ["266203c6-e16c-4709-b34b-6987969cb4b1", null], "last_iteration": 3, "current_island": 0, "island_generations": [3, 0], "last_migration_generation": 0, "feature_stats": {"complexity": {"min": 5337.0, "max": 8354.0, "values": [5337.0, 8337.0, 7172.0, 8354.0]}, "diversity": {"min": 488.03333333333336, "max": 1051.0, "values": [1051.0, 526.5, 488.03333333333336]}}}