{
  "id": "528ef085-7822-408c-8c35-8231def07849",
  "generation": 1,
  "iteration": 5,
  "current_iteration": 12,
  "metrics": {
    "combined_score": 0.7949073484882726,
    "mape": 7.487539346535893e-05,
    "rmse": 0.6952325593510551
  },
  "language": "python",
  "timestamp": 1765274059.3370261,
  "saved_at": 1765274571.9624228
}