{
  "id": "34d37981-4ab8-486c-8f0f-c1d1f3e31fb2",
  "generation": 2,
  "iteration": 5,
  "timestamp": 1766114441.870187,
  "parent_id": "d14278fa-04b5-417c-9dc7-2df1c750c628",
  "metrics": {
    "combined_score": 0.3151619111740615,
    "rmse": 48.94921292621977,
    "rrmse": 1.4802885852868672,
    "mape": 0.6385290622212249
  },
  "language": "python",
  "saved_at": 1766114442.2692113
}