{"island_feature_maps": [{"5-0": "b63213d9-47cc-45b5-930c-d3863e8180f2", "9-5": "664784f3-05f3-4aad-8e3e-395305d3007d", "8-0": "2047e1e6-07e1-4ced-af7f-6aaf7498488e"}, {}], "islands": [["b63213d9-47cc-45b5-930c-d3863e8180f2", "664784f3-05f3-4aad-8e3e-395305d3007d", "2047e1e6-07e1-4ced-af7f-6aaf7498488e"], []], "archive": ["b63213d9-47cc-45b5-930c-d3863e8180f2", "664784f3-05f3-4aad-8e3e-395305d3007d", "2047e1e6-07e1-4ced-af7f-6aaf7498488e"], "best_program_id": "b63213d9-47cc-45b5-930c-d3863e8180f2", "island_best_programs": ["b63213d9-47cc-45b5-930c-d3863e8180f2", null], "last_iteration": 2, "current_island": 1, "island_generations": [1, 1], "last_migration_generation": 0, "feature_stats": {"complexity": {"min": 5337.0, "max": 7690.0, "values": [5337.0, 7690.0, 7438.0]}, "diversity": {"min": 403.40000000000003, "max": 806.8, "values": [806.8, 403.40000000000003]}}}