{
  "id": "705a19e1-7248-41b2-b68c-d547bc58d5f1",
  "generation": 2,
  "iteration": 17,
  "timestamp": 1765274896.6313572,
  "parent_id": "528ef085-7822-408c-8c35-8231def07849",
  "metrics": {
    "combined_score": 0.8043315997041317,
    "mape": 6.732187266602797e-05,
    "rmse": 0.6427630494699401
  },
  "language": "python",
  "saved_at": 1765275178.2024128
}