{
  "id": "81550c0c-d7d4-4632-bf1c-ebb6c66a291d",
  "generation": 2,
  "iteration": 4,
  "current_iteration": 4,
  "metrics": {
    "combined_score": 0.45356018296102407,
    "mape": 0.10447447762961996,
    "rmse": 582.9787314982473
  },
  "language": "python",
  "timestamp": 1765792748.6547716,
  "saved_at": 1765792748.701734
}