{
  "id": "fc89f2c2-cc42-4e37-b900-a674e827d0ca",
  "generation": 0,
  "iteration": 0,
  "current_iteration": 4,
  "metrics": {
    "combined_score": 0.8870422840118408,
    "val_mse": 0.004151239059865475,
    "val_mae": 0.044654980301856995,
    "val_mape": 0.045757219195365906,
    "val_da": 0.49836199836199835,
    "test_mse": 0.000648976827505976,
    "test_mae": 0.019455835223197937,
    "test_mape": 0.01949221082031727,
    "test_da": 0.47474747474747475
  },
  "language": "python",
  "timestamp": 1764604772.2054126,
  "saved_at": 1764604944.2799158
}