{"island_feature_maps": [{"5-0": "fc89f2c2-cc42-4e37-b900-a674e827d0ca", "9-5": "9066c247-2ebc-447c-bdf5-8004aee3a122", "0-5": "e1f6bad9-01eb-4534-b67f-6c4c02ee0010", "9-9": "b694c2da-5854-41d0-a33b-e8150aeb3285"}, {}], "islands": [["9066c247-2ebc-447c-bdf5-8004aee3a122", "b694c2da-5854-41d0-a33b-e8150aeb3285", "fc89f2c2-cc42-4e37-b900-a674e827d0ca", "e1f6bad9-01eb-4534-b67f-6c4c02ee0010", "ecfa4e71-c8c8-4c85-808c-e139755e676e"], []], "archive": ["9066c247-2ebc-447c-bdf5-8004aee3a122", "b694c2da-5854-41d0-a33b-e8150aeb3285", "fc89f2c2-cc42-4e37-b900-a674e827d0ca", "e1f6bad9-01eb-4534-b67f-6c4c02ee0010", "ecfa4e71-c8c8-4c85-808c-e139755e676e"], "best_program_id": "fc89f2c2-cc42-4e37-b900-a674e827d0ca", "island_best_programs": ["fc89f2c2-cc42-4e37-b900-a674e827d0ca", null], "last_iteration": 4, "current_island": 1, "island_generations": [2, 2], "last_migration_generation": 0, "feature_stats": {"complexity": {"min": 57338.0, "max": 58987.0, "values": [57338.0, 58558.0, 57338.0, 57338.0, 58987.0]}, "diversity": {"min": 212.0, "max": 241.89999999999998, "values": [212.0, 212.0, 212.0, 241.89999999999998]}}}