{
  "id": "486846ab-2d29-4482-9b45-05eef619320a",
  "generation": 0,
  "iteration": 0,
  "current_iteration": 2,
  "metrics": {
    "combined_score": 0.7867218637397513,
    "mape": 8.218379499041217e-05,
    "rmse": 0.7436004060451427
  },
  "language": "python",
  "timestamp": 1765273630.9890096,
  "saved_at": 1765273772.2040408
}