{
  "id": "38be37ad-149e-4145-8160-5f384e156c23",
  "generation": 12,
  "iteration": 77,
  "current_iteration": 78,
  "metrics": {
    "combined_score": 0.9984609740002699,
    "mape": 3.4830012402145883e-07,
    "rmse": 0.003087205202329681
  },
  "language": "python",
  "timestamp": 1764747903.0989685,
  "saved_at": 1764747981.068053
}