{
  "id": "46108d01-9edb-498c-be1e-2273c7952193",
  "generation": 2,
  "iteration": 4,
  "current_iteration": 5,
  "metrics": {
    "combined_score": 0.15572731842728285,
    "rmse": 115.47085086954739,
    "rrmse": 3.491990417357537,
    "mape": 2.3017597316976857
  },
  "language": "python",
  "timestamp": 1766052920.5154743,
  "saved_at": 1766052956.1035712
}