{
  "id": "4234932b-5e79-4a2f-96b1-1b8027f4e4a0",
  "generation": 3,
  "iteration": 7,
  "current_iteration": 7,
  "metrics": {
    "combined_score": 0.8070259695522676,
    "mape": 7.221882911296327e-05,
    "rmse": 0.628335240640556
  },
  "language": "python",
  "timestamp": 1764741092.5565138,
  "saved_at": 1764741092.5956328
}