{
  "id": "fbd633f1-8510-4d12-b4df-259398d3a706",
  "generation": 4,
  "iteration": 22,
  "current_iteration": 22,
  "metrics": {
    "combined_score": 0.8292090032339399,
    "mape": 3.3059288089831e-05,
    "rmse": 0.5187157461909065
  },
  "language": "python",
  "timestamp": 1764741853.3585355,
  "saved_at": 1764741853.4243028
}