{
  "id": "9fd981d5-2cae-4cd2-b031-bb8b6493d1ce",
  "generation": 1,
  "iteration": 1,
  "current_iteration": 4,
  "metrics": {
    "combined_score": 0.762962962962963,
    "overall": 7.62962962962963,
    "style": 7.37037037037037,
    "structure": 7.518518518518518,
    "content": 8.88888888888889,
    "evidence": 7.925925925925926,
    "facts_format": 8.407407407407407,
    "test_combined_score": 0.7857142857142857,
    "test_overall": 7.857142857142857,
    "test_style": 7.428571428571429,
    "test_structure": 7.428571428571429,
    "test_content": 8.857142857142858,
    "test_evidence": 8.428571428571429,
    "test_facts_format": 9.285714285714286
  },
  "language": "python",
  "timestamp": 1765447811.3538525,
  "saved_at": 1765449050.8726315
}