{
  "id": "34d37981-4ab8-486c-8f0f-c1d1f3e31fb2",
  "generation": 2,
  "iteration": 5,
  "current_iteration": 5,
  "metrics": {
    "combined_score": 0.3151619111740615,
    "rmse": 48.94921292621977,
    "rrmse": 1.4802885852868672,
    "mape": 0.6385290622212249
  },
  "language": "python",
  "timestamp": 1766114441.870187,
  "saved_at": 1766114441.923849
}