{"island_feature_maps": [{"7-1": "38be37ad-149e-4145-8160-5f384e156c23", "6-1": "63ff09c2-23a5-4809-981e-d86cbdaf688f"}, {"2-2": "26b5cb80-f9ec-4c1b-ab70-ac371874ed4f", "2-1": "99ca92ff-26a0-44fd-a939-86df40183efe"}], "islands": [["ec6b0654-0776-45ce-939f-1fa47dc2afe1", "47887551-9cf4-496c-ad26-46fceb4382e8", "63ff09c2-23a5-4809-981e-d86cbdaf688f", "eedc0f85-3e57-4d3d-9170-d0c84cfcfaca", "516e5fbf-4a8c-4f04-84d8-35bb3d7ed76a", "774b6cb2-e0d8-40aa-ae42-6267394a2e15", "38be37ad-149e-4145-8160-5f384e156c23", "c3c72801-4775-4b81-a9c0-ae71eb9cd344"], ["99ca92ff-26a0-44fd-a939-86df40183efe", "d79d29b0-7806-4da0-8b9a-20f989eb7674", "6c1bb857-958c-44d2-9202-5343e008ce24", "4809ede3-3e00-41ae-8ca1-5bccf6b60d8e", "f1750e24-af4e-474b-8a51-8009674fcc55", "26b5cb80-f9ec-4c1b-ab70-ac371874ed4f"]], "archive": ["47887551-9cf4-496c-ad26-46fceb4382e8", "ec6b0654-0776-45ce-939f-1fa47dc2afe1", "63ff09c2-23a5-4809-981e-d86cbdaf688f", "eedc0f85-3e57-4d3d-9170-d0c84cfcfaca", "516e5fbf-4a8c-4f04-84d8-35bb3d7ed76a", "774b6cb2-e0d8-40aa-ae42-6267394a2e15", "38be37ad-149e-4145-8160-5f384e156c23", "c3c72801-4775-4b81-a9c0-ae71eb9cd344"], "best_program_id": "38be37ad-149e-4145-8160-5f384e156c23", "island_best_programs": ["38be37ad-149e-4145-8160-5f384e156c23", "99ca92ff-26a0-44fd-a939-86df40183efe"], "last_iteration": 85, "current_island": 0, "island_generations": [45, 40], "last_migration_generation": 0, "feature_stats": {"complexity": {"min": 2585.0, "max": 7416.0, "values": [3222.0, 2687.0, 2935.0, 3222.0, 2687.0, 3222.0, 2936.0, 3222.0, 3059.0, 3222.0, 3222.0, 3336.0, 3059.0, 2936.0, 3222.0, 3341.0, 2709.0, 2977.0, 3222.0, 3222.0, 3222.0, 2709.0, 2936.0, 3059.0, 2936.0, 2935.0, 2687.0, 3222.0, 2977.0, 3222.0, 3222.0, 3059.0, 3222.0, 3203.0, 2658.0, 3166.0, 4375.0, 2658.0, 5021.0, 2668.0, 5056.0, 3344.0, 5021.0, 2585.0, 5217.0, 3209.0, 5217.0, 2635.0, 5757.0, 2602.0, 7416.0, 3324.0, 5217.0, 2932.0, 5757.0, 3201.0, 5747.0, 2932.0, 5712.0, 3205.0, 5865.0, 3205.0, 5865.0, 5865.0, 5792.0, 6290.0, 5492.0, 4567.0, 5792.0, 6102.0, 4563.0, 4606.0, 4610.0, 5465.0, 5565.0, 4251.0, 5405.0, 4591.0, 5231.0, 4598.0, 4507.0, 5967.0, 5578.0, 5967.0, 4254.0, 5967.0, 3846.0, 5784.0, 4329.0, 5967.0, 3980.0, 6119.0, 4029.0, 6119.0, 4502.0, 6119.0, 4255.0, 5660.0, 4012.0, 5660.0]}, "diversity": {"min": 53.69999999999999, "max": 1483.2000000000003, "values": [92.4, 141.41333333333333, 97.42500000000001, 92.4, 141.41333333333333, 92.4, 119.89999999999998, 92.4, 133.6, 92.4, 92.4, 109.2, 133.6, 119.89999999999998, 92.4, 114.33333333333333, 127.24999999999999, 55.08749999999999, 92.4, 92.4, 92.4, 127.24999999999999, 119.89999999999998, 133.6, 119.89999999999998, 97.42500000000001, 141.41333333333333, 92.4, 55.08749999999999, 92.4, 92.4, 133.6, 92.4, 53.69999999999999, 113.28125000000003, 117.98235294117647, 432.85, 113.28125000000003, 691.0374999999998, 183.64375, 663.5687499999999, 186.28750000000002, 691.0374999999998, 271.3, 656.6625, 210.09375, 656.6625, 333.16249999999997, 784.2687500000002, 367.69374999999997, 1483.2000000000003, 431.3, 656.6625, 483.53124999999994, 784.2687500000002, 505.725, 592.90625, 483.53124999999994, 515.1187500000001, 566.61875, 453.1625000000001, 566.61875, 453.1625000000001, 453.1625000000001, 300.00625, 387.65625, 210.17500000000004, 311.10625000000005, 300.00625, 215.225, 336.7125, 302.00625, 291.06249999999994, 173.36249999999998, 155.4625, 390.5125, 168.675, 295.33124999999995, 174.45000000000002, 218.01249999999996, 254.91875000000005, 200.1, 187.09999999999997, 200.1, 300.2625, 200.1, 441.8000000000001, 233.98125000000005, 286.9875, 200.1, 451.1687499999998, 318.14374999999995, 335.0625, 318.14374999999995, 258.16875, 318.14374999999995, 330.64375, 262.3, 473.3999999999999, 262.3]}}}