{
  "id": "834ebedb-ad2b-42d0-9d20-3c3280ea554e",
  "generation": 5,
  "iteration": 79,
  "timestamp": 1765037884.4450648,
  "parent_id": "80da2371-a5fd-4dca-af06-22ee8070ef73",
  "metrics": {
    "combined_score": 0.6443907165841353,
    "test_mse": 0.0007310067885555327,
    "test_mae": 0.020372837781906128,
    "test_mape": 0.020420314744114876,
    "test_da": 0.5454545454545454
  },
  "language": "python",
  "saved_at": 1765038844.772054
}