{"island_feature_maps": [{"5-0": "cec54271-0900-491b-b1e4-100debb8f1e3", "0-5": "57c245e4-93a4-4f50-8364-28518596cb7e", "0-9": "1c2155a2-b703-40ba-ac34-b0fa2f1d28fd", "9-0": "26137e4a-f924-4d47-9e70-7b2c38abe16a"}, {}], "islands": [["26137e4a-f924-4d47-9e70-7b2c38abe16a", "cec54271-0900-491b-b1e4-100debb8f1e3", "1c2155a2-b703-40ba-ac34-b0fa2f1d28fd", "57c245e4-93a4-4f50-8364-28518596cb7e"], []], "archive": ["26137e4a-f924-4d47-9e70-7b2c38abe16a", "cec54271-0900-491b-b1e4-100debb8f1e3", "1c2155a2-b703-40ba-ac34-b0fa2f1d28fd", "57c245e4-93a4-4f50-8364-28518596cb7e"], "best_program_id": "26137e4a-f924-4d47-9e70-7b2c38abe16a", "island_best_programs": ["26137e4a-f924-4d47-9e70-7b2c38abe16a", null], "last_iteration": 3, "current_island": 1, "island_generations": [2, 1], "last_migration_generation": 0, "feature_stats": {"complexity": {"min": 997.0, "max": 1119.0, "values": [1048.0, 997.0, 998.0, 1119.0]}, "diversity": {"min": 132.29999999999998, "max": 201.55, "values": [144.1, 201.55, 132.29999999999998]}}}