{
  "id": "e5dea641-bed2-4610-97ed-f5ac78286519",
  "generation": 12,
  "iteration": 61,
  "current_iteration": 66,
  "metrics": {
    "combined_score": 0.9518727253148371,
    "mape": 9.509660077623587e-06,
    "rmse": 0.10649461860707722
  },
  "language": "python",
  "timestamp": 1764746023.6580334,
  "saved_at": 1764746787.3917282
}