{
  "id": "f2fc3a66-dbe9-4c06-88f0-9911cf545f45",
  "generation": 2,
  "iteration": 5,
  "timestamp": 1765795552.9027066,
  "parent_id": "37f7ea35-46f9-47c2-a1a4-ab87cac1034b",
  "metrics": {
    "combined_score": 0.4550332384259089,
    "mape": 0.10090963012575396,
    "rmse": 578.1370339613667
  },
  "language": "python",
  "saved_at": 1765795919.6933043
}