{
  "id": "8fa006e3-3ece-4f18-877d-027a14343db3",
  "generation": 1,
  "iteration": 1,
  "timestamp": 1765435364.033011,
  "parent_id": "8a2988b2-1328-4e85-a29f-62d5dbff9ba0",
  "metrics": {
    "combined_score": 0.8,
    "overall": 8.0,
    "style": 8.0,
    "structure": 8.0,
    "content": 9.0,
    "evidence": 8.0,
    "facts_format": 8.0
  },
  "language": "python",
  "saved_at": 1765435977.493953
}