{
  "id": "2e8b8993-a43a-405f-9614-c7acce810b4c",
  "generation": 26,
  "iteration": 686,
  "current_iteration": 768,
  "metrics": {
    "combined_score": 0.6659707670044619,
    "test_mse": 0.0006789066246710718,
    "test_mae": 0.019637947902083397,
    "test_mape": 0.019678272306919098,
    "test_da": 0.5738636363636364
  },
  "language": "python",
  "timestamp": 1765068944.9138505,
  "saved_at": 1765071847.1378853
}