{
  "id": "cf86cb18-b7ae-4760-9a1a-2c40912d7a1a",
  "generation": 1,
  "iteration": 6,
  "timestamp": 1764605108.4051847,
  "parent_id": "f0a57aa3-81d9-4b0c-b0cd-ff246080d0d1",
  "metrics": {
    "combined_score": 0.8876119256019592,
    "val_mse": 0.005558502394706011,
    "val_mae": 0.05097750201821327,
    "val_mape": 0.052075356245040894,
    "val_da": 0.4942669942669943,
    "test_mse": 0.0011214069090783596,
    "test_mae": 0.027311569079756737,
    "test_mape": 0.027515806257724762,
    "test_da": 0.49385749385749383
  },
  "language": "python",
  "saved_at": 1764606256.4270763
}