{
  "id": "6d9d581c-1298-49cd-a613-6554f3646ba6",
  "generation": 0,
  "iteration": 0,
  "current_iteration": 1,
  "metrics": {
    "combined_score": 0.4531017397239551,
    "mape": 0.10554148154084476,
    "rmse": 598.0350418288939
  },
  "language": "python",
  "timestamp": 1765795275.4327984,
  "saved_at": 1765795364.6403165
}