{"island_feature_maps": [{"0-1": "6d913e55-8cc5-432e-b39b-8848ca4ca0d1", "1-2": "72950efe-c896-46e1-84c0-b40114e687e0"}, {"9-9": "30f4b86b-5d94-4978-a7d8-e8eebd83f1cd", "5-4": "58c958c2-1292-4a7f-be6c-779c9e2d2542"}], "islands": [["b4fc7e63-c8b5-4f5c-a233-4ca25b861471", "6d913e55-8cc5-432e-b39b-8848ca4ca0d1", "9032cba9-544c-41b1-b28d-a793168ef350", "edda63bf-9954-41f8-9437-2ac8617dfd2a", "e1a68ef2-4857-4f91-afb7-df34a413a063", "72950efe-c896-46e1-84c0-b40114e687e0", "20601ff1-899f-48fe-af51-bb21b0e2b606"], ["6e8e08ad-d8b9-431a-96fb-0e7ca2e83799", "58c958c2-1292-4a7f-be6c-779c9e2d2542", "87985c8b-9fe3-436b-a61d-7588ff944753", "30f4b86b-5d94-4978-a7d8-e8eebd83f1cd", "a525006a-da42-44e4-a309-20a698cfeae3", "3b46a6a3-d21a-4bed-bee2-5e7791bb6e62"]], "archive": ["87985c8b-9fe3-436b-a61d-7588ff944753", "30f4b86b-5d94-4978-a7d8-e8eebd83f1cd", "58c958c2-1292-4a7f-be6c-779c9e2d2542", "9032cba9-544c-41b1-b28d-a793168ef350", "6e8e08ad-d8b9-431a-96fb-0e7ca2e83799", "e1a68ef2-4857-4f91-afb7-df34a413a063", "3b46a6a3-d21a-4bed-bee2-5e7791bb6e62", "72950efe-c896-46e1-84c0-b40114e687e0"], "best_program_id": "30f4b86b-5d94-4978-a7d8-e8eebd83f1cd", "island_best_programs": ["72950efe-c896-46e1-84c0-b40114e687e0", "30f4b86b-5d94-4978-a7d8-e8eebd83f1cd"], "last_iteration": 38, "current_island": 1, "island_generations": [20, 18], "last_migration_generation": 0, "feature_stats": {"complexity": {"min": 2585.0, "max": 7416.0, "values": [3059.0, 2935.0, 3222.0, 2945.0, 2936.0, 3641.0, 3059.0, 3059.0, 3222.0, 3336.0, 2936.0, 3341.0, 3222.0, 3059.0, 3059.0, 2935.0, 3222.0, 2945.0, 2936.0, 3641.0, 3059.0, 3059.0, 3222.0, 3222.0, 3336.0, 3059.0, 2936.0, 3341.0, 3222.0, 3222.0, 2936.0, 2935.0, 3222.0, 3222.0, 2945.0, 2936.0, 3641.0, 3059.0, 3059.0, 3222.0, 3222.0, 3336.0, 3059.0, 2936.0, 3222.0, 3341.0, 2687.0, 3222.0, 2687.0, 2935.0, 3222.0, 2687.0, 3222.0, 2936.0, 3222.0, 3059.0, 3222.0, 3222.0, 3336.0, 3059.0, 2936.0, 3222.0, 3341.0, 2709.0, 2977.0, 3222.0, 3222.0, 3222.0, 2709.0, 2936.0, 3059.0, 2936.0, 2935.0, 2687.0, 3222.0, 2977.0, 3222.0, 3222.0, 3059.0, 3222.0, 3203.0, 2658.0, 3166.0, 4375.0, 2658.0, 5021.0, 2668.0, 5056.0, 3344.0, 5021.0, 2585.0, 5217.0, 3209.0, 5217.0, 2635.0, 5757.0, 2602.0, 7416.0, 3324.0, 5217.0]}, "diversity": {"min": 53.69999999999999, "max": 1483.2000000000003, "values": [133.6, 97.42500000000001, 92.4, 154.53333333333333, 119.89999999999998, 206.6, 133.6, 133.6, 92.4, 109.2, 119.89999999999998, 114.33333333333333, 92.4, 133.6, 133.6, 97.42500000000001, 92.4, 154.53333333333333, 119.89999999999998, 206.6, 133.6, 133.6, 92.4, 92.4, 109.2, 133.6, 119.89999999999998, 114.33333333333333, 92.4, 92.4, 119.89999999999998, 97.42500000000001, 92.4, 92.4, 154.53333333333333, 119.89999999999998, 206.6, 133.6, 133.6, 92.4, 92.4, 109.2, 133.6, 119.89999999999998, 92.4, 114.33333333333333, 141.41333333333333, 92.4, 141.41333333333333, 97.42500000000001, 92.4, 141.41333333333333, 92.4, 119.89999999999998, 92.4, 133.6, 92.4, 92.4, 109.2, 133.6, 119.89999999999998, 92.4, 114.33333333333333, 127.24999999999999, 55.08749999999999, 92.4, 92.4, 92.4, 127.24999999999999, 119.89999999999998, 133.6, 119.89999999999998, 97.42500000000001, 141.41333333333333, 92.4, 55.08749999999999, 92.4, 92.4, 133.6, 92.4, 53.69999999999999, 113.28125000000003, 117.98235294117647, 432.85, 113.28125000000003, 691.0374999999998, 183.64375, 663.5687499999999, 186.28750000000002, 691.0374999999998, 271.3, 656.6625, 210.09375, 656.6625, 333.16249999999997, 784.2687500000002, 367.69374999999997, 1483.2000000000003, 431.3, 656.6625]}}}