{"island_feature_maps": [{"5-0": "2ccab908-c059-477d-858b-6c6cfcfba145", "9-5": "9fd981d5-2cae-4cd2-b031-bb8b6493d1ce", "1-0": "ff350a9e-9c29-4dad-98aa-4895843f43db"}, {}], "islands": [["2ccab908-c059-477d-858b-6c6cfcfba145", "ff350a9e-9c29-4dad-98aa-4895843f43db", "f53d3150-e964-4d40-9ff2-399e3666406b", "9fd981d5-2cae-4cd2-b031-bb8b6493d1ce"], []], "archive": ["2ccab908-c059-477d-858b-6c6cfcfba145", "ff350a9e-9c29-4dad-98aa-4895843f43db", "f53d3150-e964-4d40-9ff2-399e3666406b", "9fd981d5-2cae-4cd2-b031-bb8b6493d1ce"], "best_program_id": "9fd981d5-2cae-4cd2-b031-bb8b6493d1ce", "island_best_programs": ["9fd981d5-2cae-4cd2-b031-bb8b6493d1ce", null], "last_iteration": 3, "current_island": 0, "island_generations": [2, 1], "last_migration_generation": 0, "feature_stats": {"complexity": {"min": 1048.0, "max": 1290.0, "values": [1048.0, 1290.0, 1091.0, 1185.0]}, "diversity": {"min": 144.03333333333333, "max": 229.7, "values": [229.7, 168.35000000000002, 144.03333333333333]}}}