{
  "id": "26137e4a-f924-4d47-9e70-7b2c38abe16a",
  "generation": 1,
  "iteration": 3,
  "current_iteration": 4,
  "metrics": {
    "combined_score": 0.76,
    "overall": 7.6,
    "style": 7.4,
    "structure": 7.2,
    "content": 8.4,
    "evidence": 7.8,
    "facts_format": 8.8,
    "test_combined_score": 0.7571428571428571,
    "test_overall": 7.571428571428571,
    "test_style": 7.428571428571429,
    "test_structure": 7.428571428571429,
    "test_content": 8.571428571428571,
    "test_evidence": 8.0,
    "test_facts_format": 8.714285714285714
  },
  "language": "python",
  "timestamp": 1765463105.00869,
  "saved_at": 1765463328.1369689
}