{"island_feature_maps": [{"5-0": "486846ab-2d29-4482-9b45-05eef619320a", "9-5": "e23f8b25-3e23-42fe-b28f-8b8ada82db7f", "7-0": "c85d9294-6474-4314-a945-0c0dd0febbc6"}, {}], "islands": [["e23f8b25-3e23-42fe-b28f-8b8ada82db7f", "486846ab-2d29-4482-9b45-05eef619320a", "c85d9294-6474-4314-a945-0c0dd0febbc6"], []], "archive": ["e23f8b25-3e23-42fe-b28f-8b8ada82db7f", "486846ab-2d29-4482-9b45-05eef619320a", "c85d9294-6474-4314-a945-0c0dd0febbc6"], "best_program_id": "486846ab-2d29-4482-9b45-05eef619320a", "island_best_programs": ["486846ab-2d29-4482-9b45-05eef619320a", null], "last_iteration": 3, "current_island": 0, "island_generations": [2, 1], "last_migration_generation": 0, "feature_stats": {"complexity": {"min": 3164.0, "max": 4527.0, "values": [3164.0, 4022.0, 3818.0, 4527.0]}, "diversity": {"min": 203.14999999999998, "max": 388.3, "values": [388.3, 203.14999999999998, 296.9]}}}