{
  "id": "30f4b86b-5d94-4978-a7d8-e8eebd83f1cd",
  "generation": 9,
  "iteration": 34,
  "current_iteration": 35,
  "metrics": {
    "combined_score": 0.9264252837696434,
    "mape": 2.094572715160633e-05,
    "rmse": 0.17250955737103515
  },
  "language": "python",
  "timestamp": 1764742926.602903,
  "saved_at": 1764742980.6403012
}