{
  "id": "2fe47cf9-b529-4c7c-a148-a59d54aa8797",
  "generation": 5,
  "iteration": 24,
  "current_iteration": 26,
  "metrics": {
    "combined_score": 0.9134528319951137,
    "mape": 2.0661155028603667e-05,
    "rmse": 0.20929757598485035
  },
  "language": "python",
  "timestamp": 1764742057.3124113,
  "saved_at": 1764742233.9004207
}