{"island_feature_maps": [{"5-0": "6d9d581c-1298-49cd-a613-6554f3646ba6", "9-5": "37f7ea35-46f9-47c2-a1a4-ab87cac1034b", "7-0": "44e986eb-25d8-4269-938f-b6c89bcf2c9a"}, {}], "islands": [["6d9d581c-1298-49cd-a613-6554f3646ba6", "cd9b9b7e-c0a4-4850-8267-8680c864b0bf", "44e986eb-25d8-4269-938f-b6c89bcf2c9a", "37f7ea35-46f9-47c2-a1a4-ab87cac1034b"], []], "archive": ["6d9d581c-1298-49cd-a613-6554f3646ba6", "cd9b9b7e-c0a4-4850-8267-8680c864b0bf", "44e986eb-25d8-4269-938f-b6c89bcf2c9a", "37f7ea35-46f9-47c2-a1a4-ab87cac1034b"], "best_program_id": "6d9d581c-1298-49cd-a613-6554f3646ba6", "island_best_programs": ["6d9d581c-1298-49cd-a613-6554f3646ba6", null], "last_iteration": 3, "current_island": 0, "island_generations": [2, 1], "last_migration_generation": 0, "feature_stats": {"complexity": {"min": 3137.0, "max": 6045.0, "values": [3137.0, 6045.0, 4840.0, 5462.0]}, "diversity": {"min": 446.1666666666667, "max": 1052.8, "values": [1052.8, 527.4, 446.1666666666667]}}}