{
  "id": "75a524ef-ba3f-4a40-90f1-6c482c7ce8b4",
  "generation": 0,
  "iteration": 0,
  "current_iteration": 1,
  "metrics": {
    "combined_score": 0.1320547368666422,
    "rmse": 129.56359446061253,
    "rrmse": 3.918173520744148,
    "mape": 2.8993899544864554
  },
  "language": "python",
  "timestamp": 1766113848.558616,
  "saved_at": 1766114021.271601
}