{
  "id": "b63213d9-47cc-45b5-930c-d3863e8180f2",
  "generation": 0,
  "iteration": 0,
  "current_iteration": 1,
  "metrics": {
    "combined_score": 0.1320547368666422,
    "rmse": 129.56359446061253,
    "rrmse": 3.918173520744148,
    "mape": 2.8993899544864554
  },
  "language": "python",
  "timestamp": 1766052699.4783025,
  "saved_at": 1766052759.6337204
}