{
  "id": "57c245e4-93a4-4f50-8364-28518596cb7e",
  "generation": 1,
  "iteration": 1,
  "current_iteration": 2,
  "metrics": {
    "combined_score": 0.74,
    "overall": 7.4,
    "style": 7.4,
    "structure": 7.6,
    "content": 8.8,
    "evidence": 7.4,
    "facts_format": 8.4,
    "test_combined_score": 0.7571428571428571,
    "test_overall": 7.571428571428571,
    "test_style": 7.571428571428571,
    "test_structure": 7.0,
    "test_content": 8.714285714285714,
    "test_evidence": 8.0,
    "test_facts_format": 8.714285714285714
  },
  "language": "python",
  "timestamp": 1765462574.2341416,
  "saved_at": 1765462840.68287
}