{
  "id": "2bbd942f-6b6c-4680-97e6-b55bcd27914e",
  "generation": 11,
  "iteration": 67,
  "current_iteration": 72,
  "metrics": {
    "combined_score": 0.9581623971747284,
    "mape": 1.099753926197914e-05,
    "rmse": 0.09130300156760535
  },
  "language": "python",
  "timestamp": 1764746915.642819,
  "saved_at": 1764747440.596855
}