{
  "id": "8dbf6deb-ab3b-46fd-a767-95803032ce9d",
  "generation": 13,
  "iteration": 89,
  "current_iteration": 93,
  "metrics": {
    "combined_score": 0.9984714660237699,
    "mape": 3.498101288994774e-07,
    "rmse": 0.0030660903163500083
  },
  "language": "python",
  "timestamp": 1764749145.1049304,
  "saved_at": 1764749785.580273
}