{
  "id": "d02fdc7c-ae0d-4b83-b5b3-87603abac232",
  "generation": 2,
  "iteration": 4,
  "current_iteration": 4,
  "metrics": {
    "combined_score": 0.45310862647230254,
    "mape": 0.10552505009932613,
    "rmse": 597.9168667979126
  },
  "language": "python",
  "timestamp": 1765795508.0395892,
  "saved_at": 1765795508.079174
}