{
  "id": "9e819819-db5f-4dc0-a56d-d6156309a46c",
  "generation": 0,
  "iteration": 0,
  "current_iteration": 3,
  "metrics": {
    "combined_score": 0.4531017397239551,
    "mape": 0.10554148154084476,
    "rmse": 598.0350418288939
  },
  "language": "python",
  "timestamp": 1765792499.3366022,
  "saved_at": 1765792686.7737956
}