{"island_feature_maps": [{"5-0": "9e819819-db5f-4dc0-a56d-d6156309a46c", "9-5": "294921dd-55c0-4d98-977f-d713f104d85e", "9-9": "ef1f80fe-d3a8-43db-8530-e42cf461502f", "9-0": "e3eb8785-605e-4fb6-8b75-6f0b245d1a5b"}, {}], "islands": [["294921dd-55c0-4d98-977f-d713f104d85e", "9e819819-db5f-4dc0-a56d-d6156309a46c", "ef1f80fe-d3a8-43db-8530-e42cf461502f", "e3eb8785-605e-4fb6-8b75-6f0b245d1a5b"], []], "archive": ["294921dd-55c0-4d98-977f-d713f104d85e", "9e819819-db5f-4dc0-a56d-d6156309a46c", "ef1f80fe-d3a8-43db-8530-e42cf461502f", "e3eb8785-605e-4fb6-8b75-6f0b245d1a5b"], "best_program_id": "9e819819-db5f-4dc0-a56d-d6156309a46c", "island_best_programs": ["9e819819-db5f-4dc0-a56d-d6156309a46c", null], "last_iteration": 3, "current_island": 0, "island_generations": [2, 1], "last_migration_generation": 0, "feature_stats": {"complexity": {"min": 3137.0, "max": 5950.0, "values": [3137.0, 5110.0, 5775.0, 5950.0]}, "diversity": {"min": 392.76666666666665, "max": 615.15, "values": [600.3, 615.15, 392.76666666666665]}}}