{
  "id": "61c00bbc-96a7-42ea-9277-0b261dc9a155",
  "generation": 3,
  "iteration": 6,
  "timestamp": 1765449880.2162364,
  "parent_id": "59cbefa8-5ced-4d22-9bc0-49f773d06e2b",
  "metrics": {
    "combined_score": 0.7703703703703704,
    "overall": 7.703703703703703,
    "style": 7.444444444444445,
    "structure": 7.2592592592592595,
    "content": 8.962962962962964,
    "evidence": 8.0,
    "facts_format": 8.62962962962963,
    "test_combined_score": 0.8,
    "test_overall": 8.0,
    "test_style": 7.857142857142857,
    "test_structure": 7.714285714285714,
    "test_content": 9.0,
    "test_evidence": 8.571428571428571,
    "test_facts_format": 8.857142857142858
  },
  "language": "python",
  "saved_at": 1765451541.7460582
}