{
  "id": "9fb6a77c-f3e1-467b-bfce-9473fae40b13",
  "generation": 2,
  "iteration": 7,
  "current_iteration": 15,
  "metrics": {
    "combined_score": 0.454552556021338,
    "mape": 0.10202703141909038,
    "rmse": 591.9952449294428
  },
  "language": "python",
  "timestamp": 1765792934.264314,
  "saved_at": 1765793777.8096106
}