{
  "id": "8dbf6deb-ab3b-46fd-a767-95803032ce9d",
  "generation": 13,
  "iteration": 89,
  "timestamp": 1764749145.1049304,
  "parent_id": "38be37ad-149e-4145-8160-5f384e156c23",
  "metrics": {
    "combined_score": 0.9984714660237699,
    "mape": 3.498101288994774e-07,
    "rmse": 0.0030660903163500083
  },
  "language": "python",
  "saved_at": 1764750306.6418817
}