{
  "id": "705a19e1-7248-41b2-b68c-d547bc58d5f1",
  "generation": 2,
  "iteration": 17,
  "current_iteration": 20,
  "metrics": {
    "combined_score": 0.8043315997041317,
    "mape": 6.732187266602797e-05,
    "rmse": 0.6427630494699401
  },
  "language": "python",
  "timestamp": 1765274896.6313572,
  "saved_at": 1765275177.787312
}