{
  "id": "ecf7f6f6-d691-405d-a1ff-dc9b2323f599",
  "generation": 0,
  "iteration": 0,
  "current_iteration": 3,
  "metrics": {
    "combined_score": 0.7867218637397513,
    "mape": 8.218379499041217e-05,
    "rmse": 0.7436004060451427
  },
  "language": "python",
  "timestamp": 1764740801.170894,
  "saved_at": 1764740962.4467869
}